,Title,Year,Summary,Short Summary,Genres,IMDB ID,Runtime,YouTube Trailer,Rating,Movie Poster,Director,Writers,Cast
0,Patton Oswalt: Annihilation,2017,"Patton Oswald, despite a personal tragedy, produces his best standup yet. Focusing on the tribulations of the Trump era and life after the loss of a loved one, Patton Oswald continues his journey to contribute joy to the world.","Patton Oswalt, despite a personal tragedy, produces his best standup yet. Focusing on the tribulations of the Trump era and life after the loss of a loved one, Oswalt continues his journey to contribute joy to the world.",Uncategorized,tt7026230,66,4hZi5QaMBFc,7.4,https://hydramovies.com/wp-content/uploads/2018/04/Patton-Oswalt-Annihilation-Movie-Poster.jpg,Bobcat Goldthwait,Patton Oswalt,Patton Oswalt
1,New York Doll,2005,"A recovering alcoholic and recently converted Mormon, Arthur ""Killer"" Kane, of the rock band The New York Dolls, is given a chance at reuniting with his band after 30 years.","A recovering alcoholic and recently converted Mormon, Arthur &quot;Killer&quot; Kane, of the rock band The New York Dolls, is given a chance at reuniting with his band after 30 years.",Documentary|Music,tt0436629,75,jwD04NsnLLg,7.9,https://hydramovies.com/wp-content/uploads/2018/04/New-York-Doll-Movie-Poster.jpg,Greg Whiteley,Arthur Kane,Sylvain Sylvain
2,Mickey's Magical Christmas: Snowed in at the House of Mouse,2001,"After everyone is snowed in at the House of Mouse, Mickey suggests they throw their own Christmas party. Everyone is happy, except for Donald who just isn't in to the Christmas spirit. So Mickey shows a series of cartoons that show just what Christmas is all about. It features a star studded cast of Disney characters from everyone's favorite animated Disney movies.","Mickey and all his friends hold their own Christmas party at the House of Mouse, after being snowed in.",Adventure|Animation|Comedy|Family|Fantasy,tt0300195,65,uCKwHHftrU4,6.8,https://hydramovies.com/wp-content/uploads/2018/04/Mickeys-Magical-Christmas-Snowed-in-at-the-House-of-Mouse-Movie-Poster.jpg,Tony Craig,Thomas Hart,Carlos Alazraqui|Wayne Allwine
3,Mickey's House of Villains,2001,"The villains from the popular animated Disney films are gathered at the House of Mouse with plans to take over. Soon, the villains take over the house and kick out Mickey, Donald and Goofy. It's all up to Mickey and his friends to overthrow evil and return the House of Mouse to normal--or as close to normal as it get's.","The villains from the popular animated Disney films are gathered at the House of Mouse with plans to take over. Soon, the villains take over the house and kick out Mickey, Donald and Goofy....",Animation|Comedy|Family|Fantasy|Horror,tt0329374,0,JA03ciYt-Ek,6.6,https://hydramovies.com/wp-content/uploads/2018/04/Mickeys-House-of-Villains-Movie-Poster.jpg,Jamie Mitchell,Thomas Hart,Tony Anselmo|Wayne Allwine
4,And Then I Go,2017,"In the cruel world of junior high, Edwin suffers in a state of anxiety and alienation alongside his only friend, Flake. Misunderstood by their families and demoralized at school daily, their fury simmers quietly until an idea for vengeance offers them a terrifying release. Based on the acclaimed novel ""Project X"" by Jim Shepard, this unflinching look at adolescence explores how the powerful bonds of childhood friendship and search for belonging can become a matter of life or death.","In the cruel world of junior high, Edwin suffers in a state of anxiety and alienation alongside his only friend, Flake. Misunderstood by their families and demoralized at school daily, ...",Drama,tt2018111,99,8CdIiD6-iF0,7.6,https://hydramovies.com/wp-content/uploads/2018/04/And-Then-I-Go-Movie-Poster.jpg,Vincent Grashaw,Brett Haley,Arman Darbo|Sawyer Barth
5,An Extremely Goofy Movie,2000,"It's a big time in Max's life. He's college bound with his friends and finally free of his embarrassing father as he strives to be a top contender for the X-Games. Unfortunately, Goofy loses his job and learns that he cannot get another job without a college degree. To his son's mortification, Goofy decides to join him in his campus to get that degree. Desperate to distract his father, Max talks him into joining the competing Gamma Fraternity team and introduces him to a wonderful librarian who shares his nostalgic love for 1970's pastimes. Unfortunately, things do not go according to plan as events put this father-son relationship to the test.","Max goes to college, but to his embarassment his father loses his job and goes to his son's campus.",Animation|Comedy|Family|Sport,tt0208185,79,H8oSvldAGfg,6.4,https://hydramovies.com/wp-content/uploads/2018/04/An-Extremely-Goofy-Movie-Movie-Poster.jpg,Douglas McCarthy,Scott Spencer Gorden,Bill Farmer|Jason Marsden|Jeff Bennett
6,Peter Rabbit,2018,"Based on the books by Beatrix Potter: Peter Rabbit (James Corden;) his three sisters: Flopsy (Margot Robbie,) Mopsy (Elizabeth Debicki) and Cotton Tail (Daisy Ridley) and their cousin Benjamin (Colin Moody) enjoy their days harassing Mr McGregor in his vegetable garden. Until one day he dies and no one can stop them roaming across his house and lands for a full day or so. However, when one of Mr McGregor's relatives inherits the house and goes to check it out, he finds much more than he bargained for. What ensues, is a battle of wills between the new Mr McGregor and the rabbits. But when he starts to fall in love with Bea (Rose Byrne,) a real lover of all nature, his feelings towards them begin to change. But is it too late?",Feature adaptation of Beatrix Potter's classic tale of a rebellious rabbit trying to sneak into a farmer's vegetable garden.,Adventure|Animation|Comedy|Family|Fantasy,tt5117670,95,7Pa_Weidt08,6.6,https://hydramovies.com/wp-content/uploads/2018/04/Peter-Rabbit-Movie-Poster.jpg,Will Gluck,Rob Lieber,Fayssal Bazzi|James Corden
7,Love Songs,2007,"Julie's boyfriend Ismaël lives with her; rather than worry about the time he spends with his colleague Alice, Julie invites Alice to join them. The three walk the streets of Paris, party, read, and sleep together. Sometimes it's lighthearted, sometimes there are jealousies. Then death strikes. In various ways, those left come to terms with the departure and absence of a loved one: showing concern, eating together, attempting new relationships, trying to ""be there"" for the other. Then, the spirit returns and new commitments are possible. The romantic elements of musical comedy play in contrast to the ambivalence of the lyrics and the story.",A musical interpretation of three lovers living in Paris.,Uncategorized,tt0996605,91,s54vpKAFmS0,7.2,https://hydramovies.com/wp-content/uploads/2018/04/Love-Songs-Movie-Poster.jpg,Christophe Honoré,Christophe Honoré,Clotilde Hesme|Louis Garrel|Ludivine Sagnier
8,89,2017,"89 tells the incredible story of one of football's greatest triumphs: when against all odds Arsenal snatched the Championship title from Liverpool at Anfield in the last minute of the last game of the 1988/89 season. It's a universal tale of a band of brothers who, led by a charismatic and deeply respected manager, came together to defy the odds and create history. Mixing archive and previously unseen footage with revealing interviews, insights and memories from the original squad, game officials, famous fans and the people who were there on the night this is the definitive account of a watershed moment in football and a must-watch for any sports fan.","The true story of a sporting miracle, when Arsenal went to Anfield on the last day of the 1988/89 season needing to beat the best team in England by two clear goals to snatch the title.",Uncategorized,tt7614404,91,5hfAExhHTMM,8.1,https://hydramovies.com/wp-content/uploads/2018/04/89-Movie-Poster.jpg,Dave Stewart,Lee Dixon,Ian Wright
9,The Foster Boy,2011,"The illegitimate orphan child, 12-year-old Max, is sold by the local minister for a basket of food to the Bösiger family, who own a mountain farm. Max' initial hope of finally finding a loving home is brutally shattered: The farmer and his wife treat Max like livestock, and their son Jacob humiliates and abuses him. Only the local teacher notices the child suffering on the farm.","A Swiss-German rural peasant family takes Max, a crude 15-year-old boy, into a foster situation of constant bullying. Soon, a foster girl is added to the mix.",Drama,tt2057931,107,E9Qv_XVJ-js,7.4,https://hydramovies.com/wp-content/uploads/2018/04/The-Foster-Boy-Movie-Poster.jpg,Markus Imboden,Plinio Bachmann,Katja Riemann|Maximilian Simonischek|Stefan Kurt
10,Forever My Girl,2018,After being gone for a decade a country star returns home to the love he left behind.,After being gone for a decade a country star returns home to the love he left behind.,Drama|Music|Romance,tt4103724,108,3vqcMr1q5Uc,6.4,https://hydramovies.com/wp-content/uploads/2018/04/Forever-My-Girl-Movie-Poster.jpg,Bethany Ashton Wolf,Bethany Ashton Wolf,Abby Ryder Fortson|Alex Roe|Jessica Rothe
11,Tom Segura: Disgraceful,2018,Comedian Tom Segura rants about funny things about pop culture and the way of living in 2018.,Comedian Tom Segura rants about funny things about pop culture and the way of living in 2018.,Comedy|Documentary,tt7379330,0,kYYINJM3lPA,7.5,https://hydramovies.com/wp-content/uploads/2018/04/Tom-Segura-Disgraceful-Movie-Poster.jpg,Jay Karas,Tom Segura,Tom Segura
12,The Secret Rules of Modern Living: Algorithms,2015,"Professor Marcus du Sautoy demystifies the hidden world of algorithms and reveals where these 2,000-year-old problem solvers came from, how they work, and what they have achieved.","Professor Marcus du Sautoy demystifies the hidden world of algorithms and reveals where these 2,000-year-old problem solvers came from, how they work, and what they have achieved.",Documentary,tt5818010,58,hpyxmT6KSvw,7.5,https://hydramovies.com/wp-content/uploads/2018/04/The-Secret-Rules-of-Modern-Living-Algorithms-Movie-Poster.jpg,David Briggs,Marcus du Sautoy,
13,Secrets in the Fall,2015,"Nothing is impossible for a group of young campers, friends and enemies alike, on a weekend retreat at Camp Pinnacle. But what starts as an exciting wilderness adventure turns into trouble when a young camper goes missing and the rest of the group must set out to find him. The campers are forced to overcome their differences and band together to re-claim their weekend and make it out of the woods before dark!","Nothing is impossible for a group of young campers, friends and enemies alike, on a weekend retreat at Camp Pinnacle. But what starts as an exciting wilderness adventure turns into trouble ...",Family,tt2522908,0,eMVw1pHVMAw,7.3,https://hydramovies.com/wp-content/uploads/2018/04/Secrets-in-the-Fall-Movie-Poster.jpg,Brittany Goodwin,Brittany Goodwin,Hollie Shay|Kyle Kupecky|Vincent Seidle
14,Silent Night,2017,Adam unexpectedly visits his family house at Christmas after a few years of working abroad. No family member knows about his secret plans and the real reasons of his visit.,Adam unexpectedly visits his family house at Christmas after a few years of working abroad. No family member knows about his secret plans and the real reasons of his visit.,Comedy|Drama,tt7133554,100,cA6BUYVkQoE,7.5,https://hydramovies.com/wp-content/uploads/2018/04/Silent-Night-Movie-Poster.jpg,Piotr Domalewski,Piotr Domalewski,Agnieszka Suchora|Dawid Ogrodnik|Tomasz Zietek
15,Suicide Squad: Hell to Pay,2018,Task Force X targets a powerful mystical object that they will risk their lives to steal.,Task Force X targets a powerful mystical object that they will risk their lives to steal.,Action|Animation,tt7167602,86,EPZZvk-wbGE,7.2,https://hydramovies.com/wp-content/uploads/2018/04/Suicide-Squad-Hell-to-Pay-Movie-Poster.jpg,Sam Liu,Alan Burnett,Christian Slater|Vanessa Williams
16,Wildling,2018,"Anna spends her entire childhood under the care of a mysterious man she only knows as Daddy. He keeps her locked in an attic making her fear the Wildling, a child-eating monster that roams the outside. At age 16, Anna is freed by small-town sheriff Ellen Cooper who helps her start a new life as a normal teenager. But as Anna's body begins to blossom, her childhood nightmares return with a vengeance, leading to the conclusion of a terrifying secret.",A blossoming teenager uncovers the dark secret behind her traumatic childhood.,Fantasy|Horror,tt5085924,92,eyl1Wf90AgY,6.1,https://hydramovies.com/wp-content/uploads/2018/04/Wildling-Movie-Poster.jpg,Fritz Böhm,Fritz Böhm,Bel Powley|Brad Dourif|Liv Tyler
17,The Humanity Bureau,2017,A dystopian thriller set in the year 2030 that sees the world in a permanent state of economic recession and facing serious environmental problems as a result of global warming.,A dystopian thriller set in the year 2030 that sees the world in a permanent state of economic recession and facing serious environmental problems as a result of global warming.,Action|Sci-Fi,tt6143568,95,kUH8JGhRzPY,6.1,https://hydramovies.com/wp-content/uploads/2018/04/The-Humanity-Bureau-Movie-Poster.jpg,Rob W. King,Dave Schultz,Jakob Davies|Nicolas Cage|Sarah Lind
18,Farewell Ferris Wheel,2016,"Farewell, Ferris Wheel examines the link between America's carnival industry and a small Mexican town that legally provides one third of the carnival's labor. However, increased regulations are compromising this longstanding connection, putting both the industry and its workers in jeopardy.",Farewell Ferris Wheel explores how the U.S. Carnival industry fights to keep itself alive by legally employing Mexican migrant workers with the controversial H-2B guestworker visa.,Documentary|Drama|News,tt2349677,72,-K2m6AKNB-g,7.4,https://hydramovies.com/wp-content/uploads/2018/04/Farewell-Ferris-Wheel-Movie-Poster.jpg,Miguel 'M.i.G.' Martinez,Miguel 'M.i.G.' Martinez,
19,Don't Talk to Irene,2017,"Irene must endure 2 weeks of community service at a retirement home. Following her passion for cheerleading, she secretly signs up the senior residents to audition for a dance-themed reality show to prove that you don't need to be physically ""perfect"" to be perfectly AWESOME.","Irene must endure 2 weeks of community service at a retirement home. Following her passion for cheerleading, she secretly signs up the senior residents to audition for a dance-themed ...",Comedy,tt5030452,90,lK48UxWuUho,6.4,https://hydramovies.com/wp-content/uploads/2018/04/Dont-Talk-to-Irene-Movie-Poster.jpg,Pat Mills,Pat Mills,Anastasia Phillips|Bruce Gray|Michelle McLeod
20,Blood Road,2017,The mysteries surrounding her father's death in the Vietnam war lead ultra-endurance mountain biker Rebecca Rusch on an emotional journey as she pedals 1200 miles of the Ho Chi Minh trail.,The mysteries surrounding her father's death in the Vietnam war lead ultra-endurance mountain biker Rebecca Rusch on an emotional journey as she pedals 1200 miles of the Ho Chi Minh trail.,Documentary|History|Sport,tt6900092,96,XCzVqiN950M,6.9,https://hydramovies.com/wp-content/uploads/2018/04/Blood-Road-Movie-Poster.jpg,Nicholas Schrunk,Mark Anders,Huyen Nguyen|Ian Adamson|Rebecca Rusch
21,Andre the Giant,2018,"A look at the life and career of professional wrestler André Roussimoff, who gained notoriety in the 1980s as Andre the Giant.","A look at the life and career of professional wrestler André Roussimoff, who gained notoriety in the 1980s as Andre the Giant.",Documentary,tt6543420,85,f_jTeuajas0,8.2,https://hydramovies.com/wp-content/uploads/2018/04/Andre-the-Giant-Movie-Poster.jpg,Jason Hehir,Robin Wright,Cary Elwes
22,Dead on Arrival,2017,"A pharmaceutical sales rep visits a small town in Louisiana on business. He finds himself in a dark world of corruption and murder with 24 hours to live, running from the police, the mob and a sheriff that wants him dead.","A pharmaceutical sales rep visits a small town in Louisiana on business. He finds himself in a dark world of corruption and murder with 24 hours to live, running from the police, the mob and a sheriff that wants him dead.",Thriller,tt5903088,97,8jJ-kC-rq0Q,6.9,https://hydramovies.com/wp-content/uploads/2018/04/Dead-on-Arrival-Movie-Poster.jpg,Stephen C. Sepher,Stephen C. Sepher,Christa B. Allen|D.B. Sweeney|Scottie Thompson
23,Big Time,2017,"Bjarke Ingels started out as a young man dreaming of creating cartoons. Now, he has been named ""one of architecture's biggest innovators"" by The Wall Street Journal and one of The 100 Most Influential People on the planet by TIME Magazine. BIG TIME follows Bjarke during the course of 7 years (2009-2016), while he struggles to finish his biggest project so far. We are let into Bjarke's creative processes as well as the endless compromises that his work entails, and we are on the side when his personal life starts putting pressure on him, too. In addition to the recently opened architectural marvel VIA 57 West (625 West 57th Street), Bjarke Ingels' company Bjarke Ingels Group (BIG) was given the task of designing and building one of the skyscrapers which will replace Two World Trade Center in Manhattan. While Bjarke is creating these buildings, which will change the New York skyline, he is hit by health-related issues. The Film offers an intimate look into the innovative and ambitious ...","BIG TIME follows Bjarke Ingels during the course of 7 years (2009-2016), while he struggles to finish his biggest project so far. We are let into Bjarke's creative processes as well as the endless compromises that his work entails.",Documentary,tt7630164,93,VK0mGdMKMW4,6.2,https://hydramovies.com/wp-content/uploads/2018/04/Big-Time-Movie-Poster.jpg,Kaspar Astrup Schröder,Bjarke Ingels,Elisabet Ingels
24,Adventures in Babysitting,2016,"Two teen rival babysitters, Jenny and Lola, team up to hunt down one of their kids who accidentally runs away into the big city without any supervision.","Two teen rival babysitters, Jenny and Lola, team up to hunt down one of their kids who accidentally runs away into the big city without any supervision.",Adventure|Comedy|Family,tt4456850,105,BbTTXUMVTTU,6.1,https://hydramovies.com/wp-content/uploads/2018/04/Adventures-in-Babysitting-Movie-Poster.jpg,John Schultz,Tiffany Paulsen,Nikki Hahn|Sabrina Carpenter|Sofia Carson
25,Banana in a Nutshell,2005,"An intimate portrait of a Chinese-European couple in New Zealand, and their journey to get a blessing for marriage from traditional Chinese parents.","An intimate portrait of a Chinese-European couple in New Zealand, and their journey to get a blessing for marriage from traditional Chinese parents.",Documentary,tt1537196,0,6vgD78Z6ut4,6.6,https://hydramovies.com/wp-content/uploads/2018/04/Banana-in-a-Nutshell-Movie-Poster.jpg,Roseanne Liang,Roseanne Liang,
26,Hostiles,2017,"In 1892, after nearly two decades of fighting the Cheyenne, the Apache, and the Comanche natives, the United States Cavalry Captain and war hero, Joseph Blocker, is ordered to escort the ailing Cheyenne chief, Yellow Hawk--his most despised enemy--to his ancestral home in Montana's Valley of the Bears. Nauseated with a baleful anger, Joseph's unwelcome final assignment in the feral American landscape is further complicated, when the widowed settler, Rosalie Quaid, is taken in by the band of soldiers, as aggressive packs of marauding Comanches who are still on the warpath, are thirsty for blood. In a territory crawling with hostiles, can the seasoned Captain do his duty one last time?","In 1892, a legendary Army Captain reluctantly agrees to escort a Cheyenne chief and his family through dangerous territory.",Adventure|Drama|Western,tt5478478,134,1M5cj4UmscE,7.3,https://hydramovies.com/wp-content/uploads/2018/04/Hostiles-Movie-Poster.jpg,Scott Cooper,Scott Cooper,Ava Cooper|Rosamund Pike|Scott Shepherd
27,Maze Runner: The Death Cure,2018,"In the epic finale to The Maze Runner Saga, Thomas leads his group of escaped Gladers on their final and most dangerous mission yet. To save their friends, they must break into the legendary last city, a WCKD controlled labyrinth that may turn out to be the deadliest maze of all. Anyone who makes it out alive will get the answers to the questions the Gladers have been asking since they first arrived in the maze. Will Thomas and the crew make it out alive? Or will Ava Paige get her way?",Young hero Thomas embarks on a mission to find a cure for a deadly disease known as &quot;The Flare&quot;.,Action|Sci-Fi|Thriller,tt4500922,141,wnE_y4vN9nQ,6.5,https://hydramovies.com/wp-content/uploads/2018/04/Maze-Runner-The-Death-Cure-Movie-Poster.jpg,Wes Ball,T.S. Nowlin,Dylan O'Brien|Kaya Scodelario|Ki Hong Lee
28,Den of Thieves,2018,A gritty L.A crime saga which follows the intersecting and often personally connected lives of an elite unit of the LA County Sheriff's Dept. and the state's most successful bank robbery crew as the outlaws plan a seemingly impossible heist on the Federal Reserve Bank of downtown Los Angeles.,A gritty crime saga which follows the lives of an elite unit of the LA County Sheriff's Dept. and the state's most successful bank robbery crew as the outlaws plan a seemingly impossible heist on the Federal Reserve Bank.,Action|Crime|Drama|Mystery|Thriller,tt1259528,140,FKd_ks0rdAM,7.0,https://hydramovies.com/wp-content/uploads/2018/04/Den-of-Thieves-Movie-Poster.jpg,Christian Gudegast,Christian Gudegast,Gerard Butler|Pablo Schreiber
29,V.I.P.,2017,"The son (Lee Jong-Suk) of a high-ranking North Korean official is suspected of committing serial murders around the world. To stop the killer, South Korea, North Korea and Interpol chase after him.","The son (Lee Jong-Suk) of a high-ranking North Korean official is suspected of committing serial murders around the world. To stop the killer, South Korea, North Korea and Interpol chase after him.",Action|Crime|Thriller,tt6413410,128,dwRkl2BjtGQ,6.4,https://hydramovies.com/wp-content/uploads/2018/04/V.I.P.-Movie-Poster.jpg,Hoon-jung Park,Hoon-jung Park,Dong-Gun Jang|Jong-Suk Lee|Myung-Min Kim
30,Walk Hard: The Dewey Cox Story,2007,"The up-and-down-and-up-again story of musician Dewey Cox, whose songs would change a nation. On his rock 'n roll spiral, Cox sleeps with 411 women, marries three times, has 36 kids, stars in his own 70s TV show, collects friends ranging from Elvis to the Beatles to a chimp, and gets addicted to - and then kicks - every drug known to man; but despite it all, Cox grows into a national icon and eventually earns the love of a good woman - longtime backup singer Darlene.",Singer Dewey Cox overcomes adversity to become a musical legend.,Comedy|Music,tt0841046,96,4yzjtnj8Y3U,6.8,https://hydramovies.com/wp-content/uploads/2018/04/Walk-Hard-The-Dewey-Cox-Story-Movie-Poster.jpg,Jake Kasdan,Judd Apatow,David Krumholtz|Jenna Fischer|John C. Reilly
31,Freaky Friday,2003,"The wide generation gap between Tess Coleman and her teenage daughter Anna is more than evident. They simply cannot understand each other's preferences. On a Thursday night they have a big argument in a Chinese restaurant. Both receive a fortune cookie each from the restaurant owner's mother which causes them to switch bodies next day. As they adjust with their new personalities, they begin to understand each other more and eventually it's the mutual self-respect that sorts the things out.","An overworked mother and her daughter do not get along. When they switch bodies, each is forced to adapt to the other's life for one freaky Friday.",Comedy|Family|Fantasy|Music|Romance,tt0322330,97,obOyYTto5Sg,6.2,https://hydramovies.com/wp-content/uploads/2018/04/Freaky-Friday-Movie-Poster.jpg,Mark Waters,Mary Rodgers,Jamie Lee Curtis|Lindsay Lohan
32,Perfect Strangers,2017,"In the same night that happens a blood red moon, some longtime friends reunite to dinner: the group is formed by plastic surgeon Alfonso and his wife, psychologist Eva, who are the hosts of the dinner; lawyers Antonio and his wife Ana; taxi driver Eduardo and his young and recent wife, veterinary Blanca; and finally Pepe, a former gym teacher actually unemployed, who surprisingly appears without Lucía, his recent girlfriend. Motivated by Blanca, who have some suspects about the group by the behaviors of some of them, she proposes a game where all diners leave their cell phones on the table, at the condition to say to everyone the contents of all text and voice messages. Starting like an innocent game, the progressive revelation of secrets as they appear cause a series the events each time more dramatics: Alfonso suspects that Eva has an affair, Ana thinks wrongly that Antonio is homosexual, Blanca realizes a horrible side about her marriage with Eduardo, and Pepe tries to keep hidden ...","Seven friends gather for dinner and decide to play a game in which all incoming messages and calls will be on display for the entire group, leading to a series of revelations that gradually unravels their 'normal' lives.",Comedy,tt6101820,97,-lOUnBsjGuY,7.0,https://hydramovies.com/wp-content/uploads/2018/04/Perfect-Strangers-Movie-Poster.jpg,Álex de la Iglesia,Álex de la Iglesia,Belén Rueda|Eduard Fernández
33,Paterno,2018,"The film centers on Joe Paterno, who, after becoming the winningest coach in college football history, is embroiled in Penn State's Jerry Sandusky sexual abuse scandal, challenging his legacy and forcing him to face questions of institutional failure regarding the victims.","The film centers on Joe Paterno, who after becoming the most successful coach in college football history, is embroiled in Penn State's Jerry Sandusky sexual abuse scandal, challenging his ...",Biography|Drama,tt2388986,105,scI7dYdlzuY,6.6,https://hydramovies.com/wp-content/uploads/2018/04/Paterno-Movie-Poster.jpg,Barry Levinson,Debora Cahn,Al Pacino|Kathy Baker|Kenneth Maharaj
34,Shirley: Visions of Reality,2013,"13 of Edward Hopper's paintings are brought alive by the film, telling the story of a woman, whose thoughts, emotions and contemplations let us observe an era in American history. Shirley is a woman in America in the 1930s, '40s, '50s, and early '60s. A woman who would like to influence the course of history with her professional and socio political involvement.","13 of Edward Hopper's paintings are brought alive by the film, telling the story of a woman, whose thoughts, emotions and contemplations let us observe an era in American history. Shirley ...",Documentary,tt2636806,92,rcQ4JKxxukY,6.5,https://hydramovies.com/wp-content/uploads/2018/04/Shirley-Visions-of-Reality-Movie-Poster.jpg,Gustav Deutsch,Gustav Deutsch,Christoph Bach|Florentín Groll|Stephanie Cumming
35,5 Centimeters Per Second,2007,"Takaki and Akari are two classmates in elementary school. During their time together they have become close friends. Their relationship is tested when Akari moves to another city because of her parents' jobs. Both of them struggle to keep their friendship alive, as time and distance slowly pulls them apart. When Takaki finds out that he is moving further away, he decides to visit Akari one last time.","Told in three interconnected segments, we follow a young man named Takaki through his life as cruel winters, cold technology, and finally, adult obligations and responsibility converge to test the delicate petals of love.",Animation|Drama|Romance,tt0983213,63,SzAO_NeCmkM,7.7,https://hydramovies.com/wp-content/uploads/2018/04/5-Centimeters-Per-Second-Movie-Poster.jpg,Makoto Shinkai,Makoto Shinkai,Kenji Mizuhashi|Yoshimi Kondou
36,Faces Places,2017,"Agnes Varda, one of the leading lights of France's honored French New Wave cinema era, and professional photographer and muralist, J.R., partake on a special art project. Together, they travel around France in a special box truck equipped as a portable photo booth and traveling printing facility as they take photographs of people around the country. With that inspiration, they also create special colossal mural pictures of individuals, communities and places they want to honor and celebrate. Along the way, the old cinematic veteran and the young artistic idealist enjoy an odd friendship as they chat and explore their views on the world as only they can.",Director Agnes Varda and photographer/muralist J.R. journey through rural France and form an unlikely friendship.,Documentary,tt5598102,89,2rKZcAiLHlY,8.0,https://hydramovies.com/wp-content/uploads/2018/04/Faces-Places-Movie-Poster.jpg,JR,JR,Agnès Varda|Jeannine Carpentier|JR
37,The Post,2017,"When American military analyst, Daniel Ellsberg, realizes to his disgust the depths of the US government's deceptions about the futility of the Vietnam War, he takes action by copying top-secret documents that would become the Pentagon Papers. Later, Washington Post owner, Kay Graham, is still adjusting to taking over her late husband's business when editor Ben Bradlee discovers the New York Times has scooped them with an explosive expose on those papers. Determined to compete, Post reporters find Ellsberg himself and a complete copy of those papers. However, the Post's plans to publish their findings are put in jeopardy with a Federal restraining order that could get them all indicted for Contempt. Now, Kay Graham must decide whether to back down for the safety of her paper or publish and fight for the Freedom of the Press. In doing so, Graham and her staff join a fight that would have America's democratic ideals in the balance.",A cover-up that spanned four U.S. Presidents pushed the country's first female newspaper publisher and a hard-driving editor to join an unprecedented battle between the press and the government.,Biography|Drama|History|Thriller,tt6294822,116,nrXlY6gzTTM,7.2,https://hydramovies.com/wp-content/uploads/2018/04/The-Post-Movie-Poster.jpg,Steven Spielberg,Liz Hannah,Meryl Streep|Sarah Paulson|Tom Hanks
38,The Anthem of the Heart,2017,"Takumi is on his class' community outreach group. His teacher assigns more students to the group including a student who, due to a mishap, has foregone speaking. The class has to perform a musical, but volunteers brave enough to perform are hard to come by. The reluctance slowly begins to wash away when the aforementioned girl makes an effort to perform. As the day of the performance approaches will the students be able to overcome their reluctance and go for it?","Takumi is on his class' community outreach group. His teacher assigns more students to the group including a student who, due to a mishap, has foregone speaking. The class has to perform a ...",Drama|Family,tt6738046,119,EnbgMjdguxI,6.2,https://hydramovies.com/wp-content/uploads/2018/04/The-Anthem-of-the-Heart-Movie-Poster.jpg,Naoto Kumazawa,Yukiko Manabe,Anna Ishii|Tsunaki Fukushima|Yoshiyoshi Arakawa
39,My Teacher,2017,"Hibiki is an awkward, 17-year-old high school sophomore who hasn't known romance. But she's about to fall in love for the very first time. With whom? A man who isn't great with words, but compassionate about his students. It's her history teacher, Mr. Ito. ""Is it okay if I fall for you?"" Hibiki asks. ""I'm afraid I can't return those feelings,"" is Ito's reply. Hibiki's first love crashes before takeoff. But it doesn't matter. ""Still I want to cherish my crush anyway."" A teacher's heart begins to turn by a student's pure love.","Hibiki is an awkward, 17-year-old high school sophomore who hasn't known romance. But she's about to fall in love for the very first time. With whom? A man who isn't great with words, but ...",Drama|Romance,tt6190198,113,HpYqkdn2ilU,6.0,https://hydramovies.com/wp-content/uploads/2018/04/My-Teacher-Movie-Poster.jpg,Takahiro Miki,Kazune Kawahara,Manami Higa|Suzu Hirose|Tôma Ikuta
40,You Were Never Really Here,2017,"Balancing between feverish dreamlike hallucinations of a tormented past and a grim disoriented reality, the grizzled Joe--a traumatised Gulf War veteran and now an unflinching hired gun who lives with his frail elderly mother--has just finished successfully yet another job. With an infernal reputation of being a brutal man of results, the specialised in recovering missing teens enforcer will embark on a blood-drenched rescue mission, when Nina, the innocent 13-year-old daughter of an ambitious New York senator, never returns home. But amidst half-baked leads and a desperate desire to shake off his shoulders the heavy burden of a personal hell, Joe's frenzied plummet into the depths of Tartarus is inevitable, and every step Joe takes to flee the pain, brings him closer to the horrors of insanity. In the end, what is real, and what is a dream? Can there be a new chapter in Joe's life when he keeps running around in circles?","A traumatized veteran, unafraid of violence, tracks down missing girls for a living. When a job spins out of control, Joe's nightmares overtake him as a conspiracy is uncovered leading to what may be his death trip or his awakening.",Drama|Mystery|Thriller,tt5742374,89,yMqsd7Umxy8,7.1,https://hydramovies.com/wp-content/uploads/2018/04/You-Were-Never-Really-Here-Movie-Poster.jpg,Lynne Ramsay,Lynne Ramsay,Ekaterina Samsonov|Joaquin Phoenix|Judith Roberts
41,Petals on the Wind,2014,"A decade after Cathy, Christopher, and Carrie escaped from their grandparents' attic at Foxworth Hall, Petals on the Wind continues to follow the twisted plight of the family as they attempt to put their sordid past behind them, but soon discover certain secrets can't be left behind. When Cathy finds herself in an abusive relationship with a fellow dancer, Julian, Christopher and Cathy are forced to face the forbidden feelings they developed for one another while coming of age during captivity. But when tragedy strikes the Dollangangers once again, Cathy returns to Foxworth Hall to confront her grandmother and seek revenge on her mother with a plan to seduce her husband Bart. When Christopher runs to Cathy's side, the two are determined to start over again - together.","A decade after Cathy, Christopher, and Carrie escaped from their grandparents' attic at Foxworth Hall, Petals on the Wind continues to follow the twisted plight of the family as they ...",Drama|Horror|Romance|Thriller,tt3496892,85,X8b86Bgrk0w,6.3,https://hydramovies.com/wp-content/uploads/2018/04/Petals-on-the-Wind-Movie-Poster.jpg,Karen Moncrieff,Virginia C. Andrews,Heather Graham|Rose McIver|Wyatt Nash
42,Jesus Christ Superstar Live in Concert,2018,A live musical recounting the final days of Jesus Christ and those around him.,A live musical recounting the final days of Jesus Christ and those around him.,Musical,tt6874964,99,mPbb4BDirHA,8.0,https://hydramovies.com/wp-content/uploads/2018/04/Jesus-Christ-Superstar-Live-in-Concert-Movie-Poster.jpg,David Leveaux,Tim Rice,Alice Cooper|Ben Daniels|Sara Bareilles
43,Dare to Be Wild,2015,Irishwoman Mary Reynold's journey from rank outsider to winner of a Gold Medal at the Chelsea Flower Show.,Irishwoman Mary Reynold's journey from rank outsider to winner of a Gold Medal at the Chelsea Flower Show.,Biography|Drama|Romance,tt2989350,100,12lF4c06yEY,6.4,https://hydramovies.com/wp-content/uploads/2018/04/Dare-to-Be-Wild-Movie-Poster.jpg,Vivienne De Courcy,Vivienne De Courcy,Alex Macqueen|Emma Greenwell|Tom Hughes
44,Being Julia,2004,"1938. Julia Lambert and Michael Gosselyn are the royal couple of the London theater scene, Julia an actress and Michael a former actor who took over running the theater and its troupe upon the passing of their mentor, Jimmie Langton. Jimmie is still constantly with Julia in spirit as she navigates through life. Besides their work, Julia and Michael lead largely separate lives, they long ago having stopped a sexual relationship. Julia of late has been feeling disenchanted with her life, she not wanting to admit it's because she is approaching middle age. Her disenchantment manifests itself in wanting Michael to close their current production early so that she can recharge her juices, something he is reluctant to do if only for not wanting to let the theater sit empty. What Julia ends up doing instead is embarking on an affair with Tom Fennel, an adoring young American who is young enough to be her son. As Julia and Tom's relationship progresses, the more she falls in love with him and ...","Set in '30s London, the film involves stage actors and their experiences with love and revenge.",Comedy|Drama|Romance,tt0340012,104,quzIsJq7t08,7.0,https://hydramovies.com/wp-content/uploads/2018/04/Being-Julia-Movie-Poster.jpg,István Szabó,W. Somerset Maugham,Annette Bening|Maury Chaykin|Michael Gambon
45,Trouble Is My Business,2018,"Los Angeles in 1947, everything should be sunny, but the smog creates a fog, a haze that permeates not just the lungs, but the psyches. Private eye Roland Drake cracks cases and romances femme fatales, while corrupt cops rule the underworld of the city and moral lines are anything but black and white. A dark, hard-boiled tale of love and betrayal, told in the classic style of film noir. Drake has fallen on hard times in a harsh world. He has been evicted from his office and disgraced by a missing persons case. Ruined in the public eye and with the police. it seems like it's all over for Roland Drake. Then, redemption walks in - with curves. The owner of those curves is a sexy, dark haired beauty named Katherine Montemar. She wants his help. The chemistry is immediate and her concern for the disappearance of her family members pulls him into her case - and into bed. He wakes up to her missing too, and a pool of blood where she used to be. After a nervous encounter with the equally ...",Detective Roland Drake falls for two sisters from the Montemar family. One woman is dead and the other wants to kill him.,Action|Adventure|Crime|Mystery|Thriller,tt2243900,116,SqUEOsQf6hM,6.1,https://hydramovies.com/wp-content/uploads/2018/04/Trouble-Is-My-Business-Movie-Poster.jpg,Tom Konkle,Tom Konkle,Brittney Powell|Tom Konkle|Vernon Wells
46,Outside In,2017,An ex-con struggling to readjust to life in his small town forms an intense bond with his former high school teacher.,An ex-con struggling to readjust to life in his small town forms an intense bond with his former high school teacher.,Drama,tt7260048,109,s0SdJfplC80,6.4,https://hydramovies.com/wp-content/uploads/2018/04/Outside-In-Movie-Poster.jpg,Lynn Shelton,Lynn Shelton,Edie Falco|Jay Duplass|Kaitlyn Dever
47,Froning: The Fittest Man in History,2015,"Rich Froning Jr. is a legend in CrossFit and the Sport of Fitness. In this biopic, take a look at his childhood, follow his quest for a fourth CrossFit Games title, and see him as a son, a husband and a new father.","Rich Froning Jr. is a legend in CrossFit and the Sport of Fitness. In this biopic, take a look at his childhood, follow his quest for a fourth CrossFit Games title, and see him as a son, a husband and a new father.",Documentary,tt5079382,99,D1ze-f7jS2A,6.7,https://hydramovies.com/wp-content/uploads/2018/04/Froning-The-Fittest-Man-in-History-Movie-Poster.jpg,Heber Cannon,Heber Cannon,Dan Bailey|Rich Froning
48,Elizabethtown,2005,"After causing a loss of almost one billion dollars in his company, the shoe designer Drew Baylor decides to commit suicide. However, in the exact moment of his act of despair, he receives a phone call from his sister telling him that his beloved father had just died in Elizabethtown, and he should bring him back since his mother had problem with the relatives of his father. He travels in an empty red eye flight and meets the attendant Claire Colburn, who changes his view and perspective of life.","During a hometown memorial for his Kentucky-born father, a young man begins an unexpected romance with a too-good-to-be-true stewardess.",Comedy|Drama|Romance,tt0368709,123,qyPq2BS8Ug0,6.4,https://hydramovies.com/wp-content/uploads/2018/04/Elizabethtown-Movie-Poster.jpg,Cameron Crowe,Cameron Crowe,Kirsten Dunst|Orlando Bloom|Susan Sarandon
49,The Other Side of Heaven,2001,"John H. Groberg, a middle class kid from Idaho Falls, crosses the Pacific to become a Mormon missionary in the remote and exotic Tongan island kingdom during the 1950's. He leaves behind a loving family and the true love of his life, Jean. Through letters and musings across the miles, John shares his humbling and sometimes hilarious adventures with ""the girl back home"", and her letters buoy up his spirits in difficult times. John must struggle to overcome language barriers, physical hardship and deep-rooted suspicion to earn the trust and love of the Tongan people he has come to serve. Throughout his adventure-filled three years on the islands, he discovers friends and wisdom in the most unlikely places. John H. Groberg's Tongan odyssey will change his life forever.","John Groberg, a farm kid from Idaho Falls, crosses an ocean to become a missionary in the remote and exotic Tongan islands during the 1950s.",Adventure|Biography|Drama,tt0250371,113,5dKsHYzIoUI,6.5,https://hydramovies.com/wp-content/uploads/2018/04/The-Other-Side-of-Heaven-Movie-Poster.jpg,Mitch Davis,Mitch Davis,Anne Hathaway|Christopher Gorham|Joe Folau
50,Sons of Ben,2016,"After many rumors of an MLS team arriving in Philadelphia never materializing, a small group of soccer fans took matters into their own hands and started a supporters group called the Sons of Ben to help bring a team to their hometown. They were a group without a team to root for and had a modest goal of reaching 100 members by the end of the year. Little did they know they would reach over 1,500 members in less time than that and start a movement that would not only change the soccer landscape in Philadelphia forever, but also help revive a community that had been struggling for decades.","After many rumors of an MLS team arriving in Philadelphia never materializing, a small group of soccer fans took matters into their own hands and started a supporters group called the Sons ...",Biography|Documentary|Sport,tt2317088,75,m8I_pgCaRsM,7.8,https://hydramovies.com/wp-content/uploads/2018/04/Sons-of-Ben-Movie-Poster.jpg,Jeffrey C. Bell,Jeffrey C. Bell,Corey Furlan|Don Garber|Wendell N. Butler
51,12 Strong,2018,"The True Story of the Army's Special Forces ""Green Berets"", who within weeks responded to the 9-11 attack. Green Berets, with the help of the 160th SOAR(A), took over the country and allowed other Special Forces and the rest of the conventional military to begin the more publicly visible war.","12 Strong tells the story of the first Special Forces team deployed to Afghanistan after 9/11; under the leadership of a new captain, the team must work with an Afghan warlord to take down the Taliban.",Action|Drama|History|War,tt1413492,130,-Denciie5oA,6.7,https://hydramovies.com/wp-content/uploads/2018/04/12-Strong-Movie-Poster.jpg,Nicolai Fuglsig,Ted Tally,Chris Hemsworth|Michael Shannon
52,The Commuter,2018,"Now a hard-working life insurance salesman and a caring family man, the former police officer, Michael MacCauley, has taken the commuter rail to New York for the past ten years. But, unexpectedly, things will take a turn for the worse, when on one of his daily journeys, the cryptic passenger, Joanna, makes Michael a generous and tempting offer to locate a single commuter or face grave consequences. Is this a sick joke, or is this indeed a serious situation? As Michael races against the clock to solve this wicked conundrum, everyone aboard is a suspect, in a deal where there's definitely more than meets the eye. Can he decide in time who's the one?",An Insurance Salesman/Ex-Cop is caught up in a criminal conspiracy during his daily commute home.,Action|Crime|Drama|Mystery|Thriller,tt1590193,105,WWexI9YiLSc,6.3,https://hydramovies.com/wp-content/uploads/2018/04/The-Commuter-Movie-Poster.jpg,Jaume Collet-Serra,Byron Willinger,Liam Neeson|Vera Farmiga
53,Birdshot,2016,"""Birdshot"" is a mystery-thriller film that tells a story of a young Filipina farm girl who wanders into the boundaries of a Philippine reservation forest. Deep within the reservation she mistakenly shoots and kills a critically endangered and protected Philippine Eagle. As the local authorities begin a manhunt to track down the poacher of a national bird, their investigation leads them to an even more horrific discovery.",&quot;Birdshot&quot; is a mystery-thriller film that tells a story of a young Filipina farm girl who wanders into the boundaries of a Philippine reservation forest. Deep within the reservation she ...,Drama|Mystery|Thriller,tt6135042,116,7k8h_X3GjgM,6.8,https://hydramovies.com/wp-content/uploads/2018/04/Birdshot-Movie-Poster.jpg,Mikhail Red,Mikhail Red,Arnold Reyes|John Arcilla|Mary Joy Apostol
54,May,2002,"When May was a child, she was a lonely girl with a lazy eye and without any friends except a weird and ugly doll kept in a glass case given by her bizarre mother on her birthday. May becomes a lonely, weird young woman, working in an animal hospital and assisting the veterinarian in surgeries and sewing operated animals most of the time. Her lesbian colleague Polly has a sort of attraction for her. When the shy May meets the mechanic Adam Stubbs, she loves his hands and has a crush on him. They date, but the weirdness and bizarre behavior of May pushes Adam away from her. Alone, May has a brief affair with Polly, but she feels rejected again when her colleague meets Ambrosia. When her doll is accidentally broken, the deranged May decides to build a friend for her, using the best parts her acquaintances can offer.",A lonely young woman traumatized by a difficult childhood and her increasingly desperate attempts to connect with the people around her is sent into a murderous tailspin.,Drama|Horror,tt0303361,93,YbN_uoGQysc,6.7,https://hydramovies.com/wp-content/uploads/2018/04/May-Movie-Poster.jpg,Lucky McKee,Lucky McKee,Angela Bettis|Anna Faris|Jeremy Sisto
55,The China Hustle,2017,"An unsettling and eye-opening Wall Street horror story about Chinese companies, the American stock market, and the opportunistic greed behind the biggest heist you've never heard of.","An unsettling and eye-opening Wall Street horror story about Chinese companies, the American stock market, and the opportunistic greed behind the biggest heist you've never heard of.",Documentary,tt7215388,82,55892jT06aI,6.8,https://hydramovies.com/wp-content/uploads/2018/04/The-China-Hustle-Movie-Poster.jpg,Jed Rothstein,Jed Rothstein,Carson Block|Dan David|Matthew Wiechert
56,The Lost Brother,2017,"Cetarti, a public employee who has just been fired, travels from Buenos Aires to Lapachito, a lonely town in the Chaco province. He must take care of the corpses of his mother and brother who have been brutally murdered, and with whom no bond of affection binds him. The only thing that mobilizes Cetarti to undertake the trip is the possibility of charging a modest life insurance to be able to settle in Brazil. There he meets Duarte, a sort of town capo and friend of his mother's murderer, with whom he establishes a strange society to manage and collect that money.","Cetarti, a public employee who has just been fired, travels from Buenos Aires to Lapachito, a lonely town in the Chaco province. He must take care of the corpses of his mother and brother ...",Crime|Drama|Thriller,tt6522634,112,1DNXCdWZuHs,6.7,https://hydramovies.com/wp-content/uploads/2018/04/The-Lost-Brother-Movie-Poster.jpg,Israel Adrián Caetano,Israel Adrián Caetano,Daniel Hendler|Leonardo Sbaraglia
57,The Redeemed and the Dominant: Fittest on Earth,2018,"In 2017 the fittest athletes on Earth took on the unknown and unknowable during four of the most intense days of competition in CrossFit Games history. ""The Redeemed and the Dominant: Fittest on Earth "" captures all the drama as top athletes resembling chiseled Grecian gods descend on Madison, Wisconsin, to face a series of trials. Hercules faced 12; they take on 13. Emotions run high as a throng of Australian athletes rise to the top. By the end of the competition, some learn tough lessons-that all that glitters isn't gold, or even bronze-and some learn that they're even stronger than they realized. The best among them enter the pantheon of CrossFit giants and earn the right to call themselves the ""Fittest on Earth.""",In 2017 the fittest athletes on Earth took on the unknown and unknowable during four of the most intense days of competition in CrossFit Games history. &quot;The Redeemed and the Dominant: ...,Documentary,tt8144778,119,rlZ5MG-E2Ls,7.1,https://hydramovies.com/wp-content/uploads/2018/04/The-Redeemed-and-the-Dominant-Fittest-on-Earth-Movie-Poster.jpg,Heber Cannon,Heber Cannon,Dave Castro|Justin Bergh
58,First Match,2018,"Hardened by years in foster care, a teenage girl from Brooklyn's Brownsville neighborhood decides that joining the boys wrestling team is the only way back to her estranged father.","Hardened by years in foster care, a teenage girl from Brooklyn's Brownsville neighborhood decides that joining the boys wrestling team is the only way back to her estranged father.",Drama|Sport,tt6061074,102,Xva2FWNdcD0,6.1,https://hydramovies.com/wp-content/uploads/2018/04/First-Match-Movie-Poster.jpg,Olivia Newman,Olivia Newman,Colman Domingo|Elvire Emanuelle|Yahya Abdul-Mateen II
59,Re: Born,2016,A legend covert soldier with a mysterious past now decides to once again unleash his beast inside of him to stand up for what he cares about.,A legend covert soldier with a mysterious past now decides to once again unleash his beast inside of him to stand up for what he cares about.,Action|Crime|Drama|War,tt5678110,115,uxM6vsMNwXs,6.0,https://hydramovies.com/wp-content/uploads/2018/04/Re-Born-Movie-Poster.jpg,Yûji Shimomura,Tak Sakaguchi,Takumi Saitoh
60,A Moving Romance,2017,"Interior designer Olivia Wilson loses her job in New York. With newfound time on her hands she decides to head home to California to surprise her dad, Neil for the 25th anniversary of the family business, Wilson Family Movers. Upon arrival she meets the newest member of the Wilson team, Scott. With business coming to a halt, she and Scott work together to get things back on track. Just as the two begin to form a bond, Olivia is faced with a difficult decision when a worthwhile job opportunity pops up back in New York.","After inheriting her family's moving company, a young woman (Ambyr Childers) starts to clash with the manager (Keegan Allen) who thought he was going to take over.",Family,tt5039242,90,,6.1,https://hydramovies.com/wp-content/uploads/2018/04/A-Moving-Romance-Movie-Poster.jpg,W.D. Hogan,Alex Greenfield,Ambyr Childers|Keegan Allen
61,Happy End,2017,"Gradually succumbing to dementia, George Laurent, the octogenarian patriarch of the Laurents, an affluent upper-bourgeois family, is uncomfortably sharing his palatial manor in Calais, the heart of the infamous migrant jungle, with his twice-married son, Thomas, and Anne, his workaholic daughter who has taken over the family construction business. Divorced and frigid, Anne has to handle the impact of a disastrous workplace accident caused by her disappointing son Pierre's negligence, while at the same time, the urgent hospitalisation of Thomas' ex-wife from a mysterious poisoning, leads his sulky 13-year-old daughter, Ève, to live with her father and his new wife, Anais. Undoubtedly, in this family, everyone has a skeleton in the closet, and as the fates of the Laurents enmesh with insistent and ignoble desires, a peculiar and disturbing alliance will form. But in the end, some secrets are bigger than others.",A drama about a family set in Calais with the European refugee crisis as the backdrop.,Drama,tt5304464,107,cZ1ajZRn8YM,6.9,https://hydramovies.com/wp-content/uploads/2018/04/Happy-End-Movie-Poster.jpg,Michael Haneke,Michael Haneke,Isabelle Huppert|Jean-Louis Trintignant|Mathieu Kassovitz
62,After the Storm,2016,"Dwelling on his past glory as a prize-winning author, Ryota (Hiroshi Abe) wastes the money he makes as a private detective on gambling and can barely pay child support. After the death of his father, his aging mother (Kirin Kiki) and beautiful ex-wife (Yoko Make) seem to be moving on with their lives. Renewing contact with his initially distrusting family, Ryota struggles to take back control of his existence and to find a lasting place in the life of his young son (Taiyo Yoshizawa) - until a stormy summer night offers them a chance to truly bond again.","After the death of his father, a private detective struggles to find child support money and reconnect with his son and ex-wife.",Comedy|Drama,tt5294966,118,i0lr6hfRG9s,7.4,https://hydramovies.com/wp-content/uploads/2018/04/After-the-Storm-Movie-Poster.jpg,Hirokazu Koreeda,Hirokazu Koreeda,Hiroshi Abe|Satomi Kobayashi|Yôko Maki
63,Mary and the Witch's Flower,2017,"Mary is an ordinary young girl stuck in the country with her Great-Aunt Charlotte and seemingly no adventures or friends in sight. She follows a mysterious cat into the nearby forest, where she discovers an old broomstick and the strange Fly-by-Night flower, a rare plant that blossoms only once every seven years and only in that forest. Together the flower and the broomstick whisk Mary above the clouds and far away to Endor College - a school of magic run by headmistress Madam Mumblechook and the brilliant Doctor Dee. But there are terrible things happening at the school, and, when Mary tells a lie, she must risk her life to try to set things right. Based on Mary Stewart's 1971 classic children's book ""The Little Broomstick"", ""Mary and The Witch's Flower"" is an action-packed film full of jaw-dropping imaginative worlds, ingenious characters, and the stirring, heartfelt story of a young girl trying to find a place in the world. Featuring the voices of Ruby Barnhill and Academy ...","Based on &quot;The Little Broomstick&quot; by Mary Stewart, a strange flower grants a girl magic powers.",Adventure|Animation|Family|Fantasy,tt6336356,102,888z3ku4t3I,6.8,https://hydramovies.com/wp-content/uploads/2018/04/Mary-and-the-Witchs-Flower-Movie-Poster.jpg,Hiromasa Yonebayashi,Mary Stewart,Hana Sugisaki|Ryûnosuke Kamiki
64,The Last Movie Star,2017,"An aging former movie star is forced to face the reality that his glory days are behind him. On its surface, the film is a tale about faded fame. At its core, it's a universal story about growing old.","An aging former movie star is forced to face the reality that his glory days are behind him. On its surface, the film is a tale about faded fame. At its core, it's a universal story about growing old.",Drama,tt5836316,94,1-f8O118hnE,6.8,https://hydramovies.com/wp-content/uploads/2018/04/The-Last-Movie-Star-Movie-Poster.jpg,Adam Rifkin,Adam Rifkin,Ariel Winter|Burt Reynolds|Clark Duke
65,Lucky,2017,"Lucky is an old US Navy veteran of rigid habits and attitudes in a small town. When his routine is interrupted by a sudden collapse at home, Lucky finds himself realizing that his remarkably healthy old age is going to face an inevitable decline and he has to accept it. In that difficult reassessment, Lucky must face up to what he believes in and how much it compares to his neighbors' priorities. In doing so, Lucky finds that his life has its positive side as he searches for some meaning that he can accept.",The spiritual journey of a ninety-year-old atheist.,Comedy|Drama,tt5859238,88,2KLLkj84GAo,7.4,https://hydramovies.com/wp-content/uploads/2018/04/Lucky-Movie-Poster.jpg,John Carroll Lynch,Logan Sparks,David Lynch|Harry Dean Stanton|Ron Livingston
66,Phantom Thread,2017,"Set in the glamour of 1950s post-war London, renowned dressmaker Reynolds Woodcock (Daniel Day-Lewis) and his sister Cyril (Lesley Manville) are at the center of British fashion, dressing royalty, movie stars, heiresses, socialites, debutants, and dames with the distinct style of The House of Woodcock. Women come and go through Woodcock's life, providing the confirmed bachelor with inspiration and companionship, until he comes across a young, strong-willed woman, Alma (Vicky Krieps), who soon becomes a fixture in his life as his muse and lover. Once controlled and planned, he finds his carefully tailored life disrupted by love.","Set in 1950's London, Reynolds Woodcock is a renowned dressmaker whose fastidious life is disrupted by a young, strong-willed woman, Alma, who becomes his muse and lover.",Drama|Romance,tt5776858,130,asbg5u5j0YI,7.7,https://hydramovies.com/wp-content/uploads/2018/04/Phantom-Thread-Movie-Poster.jpg,Paul Thomas Anderson,Paul Thomas Anderson,Daniel Day-Lewis|Lesley Manville|Vicky Krieps
67,Molly's Game,2017,"Molly Bloom, a beautiful young Olympic-class skier, ran the world's most exclusive high-stakes poker game for a decade before being arrested in the middle of the night by 17 FBI agents wielding automatic weapons. Her players included Hollywood royalty, sports stars, business titans, and finally, unbeknownst to her, the Russian mob. Her only ally was her criminal defense lawyer Charlie Jaffey, who learned that there was much more to Molly than the tabloids led us to believe.","The true story of Molly Bloom, an Olympic-class skier who ran the world's most exclusive high-stakes poker game and became an FBI target.",Biography|Crime|Drama,tt4209788,140,Vu4UPet8Nyc,7.5,https://hydramovies.com/wp-content/uploads/2018/04/Mollys-Game-Movie-Poster.jpg,Aaron Sorkin,Aaron Sorkin,Idris Elba|Jessica Chastain|Kevin Costner
68,The Third Murder,2017,"Misumi has a criminal record dating back many years and is now under the spotlight again. It looks like an open and shut case, for Misumi has confessed to the new charge. Enter prominent lawyer Shigemori, who harbours other ideas, which could mean the difference between life and death.",A courtroom drama centered around the murder of a factory president.,Drama|Mystery,tt6410564,124,Plr3V4TYBQE,6.8,https://hydramovies.com/wp-content/uploads/2018/04/The-Third-Murder-Movie-Poster.jpg,Hirokazu Koreeda,Hirokazu Koreeda,Kôji Yakusho|Masaharu Fukuyama|Shinnosuke Mitsushima
69,The Coming Days,2010,In the near future the dreams of three adult siblings living in Germany are fractured by difficult romantic relationships and the unwitting involvement with an underground organization through a growing worldwide panic over the few remaining oil fields in Asia.,In the near future the dreams of three adult siblings living in Germany are fractured by difficult romantic relationships and the unwitting involvement with an underground organization ...,Drama|Sci-Fi,tt1545985,125,,6.3,https://hydramovies.com/wp-content/uploads/2018/04/The-Coming-Days-Movie-Poster.jpg,Lars Kraume,Lars Kraume,August Diehl|Bernadette Heerwagen|Daniel Brühl
70,Ichi the Killer,2001,"When a Yakuza boss named Anjo disappears with 300 million yen, his chief henchman, a sadomasochistic man named Kakihara, and the rest of his mob goons go looking for him. After capturing and torturing a rival Yakuza member looking for answers, they soon realize they have the wrong man and begin looking for the man named Jijii who tipped them off in the first place. Soon enough Kakihara and his men encounter Ichi, a psychotic, sexually-repressed young man with amazing martial arts abilities and blades that come out of his shoes. One by one Ichi takes out members of the Yakuza and all the while Kakihara intensifies his pursuit of Ichi and Ichi's controller Jijii. What will happen as the final showdown happens between the tortured and ultra-violent Ichi and the pain-craving Kakihara?","As sadomasochistic yakuza enforcer Kakihara searches for his missing boss he comes across Ichi, a repressed and psychotic killer who may be able to inflict levels of pain that Kakihara has only dreamed of.",Action|Comedy|Crime|Drama|Horror,tt0296042,129,iFUMtrAMknE,7.1,https://hydramovies.com/wp-content/uploads/2018/04/Ichi-the-Killer-Movie-Poster.jpg,Takashi Miike,Sakichi Satô,Nao Ohmori|Shin'ya Tsukamoto|Tadanobu Asano
71,The Boy with the Topknot,2017,"One-off drama based on the critically acclaimed memoirs of British journalist Sathnam Sanghera. A touching, humorous and emotional rites-of-passage story.","One-off drama based on the critically acclaimed memoirs of British journalist Sathnam Sanghera. A touching, humorous and emotional rites-of-passage story.",Drama,tt5757738,90,RLEnTBG7ncQ,6.7,https://hydramovies.com/wp-content/uploads/2018/04/The-Boy-with-the-Topknot-Movie-Poster.jpg,Lynsey Miller,Mick Ford,Anupam Kher|Deepti Naval|Sacha Dhawan
72,Small Town Crime,2017,"An alcoholic ex-cop (Hawkes) finds the body of a young woman and, through an act of self-redemption, becomes hell-bent on finding the killer but unwittingly puts his family in danger and gets caught up with several dark characters along the way.","An alcoholic ex-cop (Hawkes) finds the body of a young woman and, through an act of self-redemption, becomes hell-bent on finding the killer but unwittingly puts his family in danger and ...",Crime|Mystery|Thriller,tt5751998,91,WakqZghIX_g,6.6,https://hydramovies.com/wp-content/uploads/2018/04/Small-Town-Crime-Movie-Poster.jpg,Eshom Nelms,Eshom Nelms,Anthony Anderson|John Hawkes|Octavia Spencer
73,Control,2017,"The once unconditional friendship between police officers Vincke and Verstuyft hits a very rough patch when they come up against a series of gruesome murders. Complicating matters even further, a survivor of the killer drives a wedge between them when Verstuyft falls for her charms. Meanwhile, the serial killer has a new victim in sight...",The once unconditional friendship between police officers Vincke and Verstuyft hits a very rough patch when they come up against a series of gruesome murders. Complicating matters even ...,Action|Crime|Drama|Thriller,tt1727497,127,xF99vVf8yv0,6.3,https://hydramovies.com/wp-content/uploads/2018/04/Control-Movie-Poster.jpg,Jan Verheyen,Jef Geeraerts,Greg Timmermans|Koen De Bouw|Werner De Smedt
74,Dear Etranger,2017,"A 40-year old man sees his life change when his wife gets pregnant. He already has a daughter from his first marriage whom he rarely sees and two step-daughters, from his wife's first marriage. The youngest of his step-daughters is looking forward to a baby brother or sister, but the oldest doesn't welcome the news and suddenly decides that she wants to live with her father. And as if that were not enough trouble, he is forced out of his good office job into an inferior position.","A 40-year old man sees his life change when his wife gets pregnant. He already has a daughter from his first marriage whom he rarely sees and two step-daughters, from his wife's first ...",Drama,tt5797164,0,F-FPd35FqAY,7.0,https://hydramovies.com/wp-content/uploads/2018/04/Dear-Etranger-Movie-Poster.jpg,Yukiko Mishima,Kiyoshi Shigematsu,Miu Arai|Rena Tanaka|Tadanobu Asano
75,Before We Vanish,2017,"Three aliens travel to Earth in preparation for a mass invasion, taking possession of human bodies.","Three aliens travel to Earth in preparation for a mass invasion, taking possession of human bodies.",Drama|Sci-Fi,tt5999530,129,fjlXE-u-3rc,6.0,https://hydramovies.com/wp-content/uploads/2018/04/Before-We-Vanish-Movie-Poster.jpg,Kiyoshi Kurosawa,Tomohiro Maekawa,Masami Nagasawa|Ryûhei Matsuda
76,Grace Jones: Bloodlight and Bami,2017,"Larger than life, wild, scary and androgynous - Grace Jones plays all these parts. Yet here we also discover her as a lover, daughter, mother, sister and even grandmother, as she submits herself to our gaze and allows us to understand what constitutes her mask. The stage is where her most extreme embodiments are realised and her theatrical imagination lets loose: this is where the musical of her life is played out. The film includes Grace's unique performances singing iconic hits such as Slave To The Rhythm, Pull Up To The Bumper, as well as the more recent autobiographical tracks Williams' Bloods and Hurricane. These personal songs also link to Grace's family life, as the film takes us on a holiday road trip across Jamaica, where her family roots and the story of her traumatic childhood are uncovered. In Jamaican patois, 'Bloodlight' is the red light that illuminates when an artist is recording and 'Bami' means bread, the substance of daily life. Grace Jones: Bloodlight and Bami ...","Larger than life, wild, scary and androgynous - Grace Jones plays all these parts. Yet here we also discover her as a lover, daughter, mother, sister and even grandmother, as she submits ...",Documentary,tt6903636,115,HScUsiZLoCg,6.1,https://hydramovies.com/wp-content/uploads/2018/04/Grace-Jones-Bloodlight-and-Bami-Movie-Poster.jpg,Sophie Fiennes,Grace Jones,Sly &amp; Robbie
77,All the Money in the World,2017,"Rome, 1973. Masked men kidnap a teenage boy named John Paul Getty III (Charlie Plummer). His grandfather, Jean Paul Getty (Christopher Plummer), is the richest human in the world, a billionaire oil magnate, but he's notoriously miserly. His favorite grandson's abduction is not reason enough for him to part with any of his fortune. All the Money in the World (2017) follows Gail, (Michelle Williams), Paul's devoted, strong-willed mother, who unlike Getty, has consistently chosen her children over his fortune. Her son's life in the balance with time running out, she attempts to sway Getty even as her son's mob captors become increasingly more determined, volatile and brutal. When Getty sends his enigmatic security man Fletcher Chace (Mark Wahlberg) to look after his interests, he and Gail become unlikely allies in this race against time that ultimately reveals the true and lasting value of love over money.",The story of the kidnapping of 16-year-old John Paul Getty III and the desperate attempt by his devoted mother to convince his billionaire grandfather Jean Paul Getty to pay the ransom.,Biography|Crime|Drama|Mystery|Thriller,tt5294550,132,KXHrCBkIxQQ,6.9,https://hydramovies.com/wp-content/uploads/2018/04/All-the-Money-in-the-World-Movie-Poster.jpg,Ridley Scott,David Scarpa,Christopher Plummer|Mark Wahlberg|Michelle Williams
78,Chasing the Dragon,2017,"The year is 1963, an illegal immigrant named Ho (Donnie Yen) sneaks into British-ruled Hong Kong. Equipped with guts and combat skills, he plunges into the underground world getting into constant conflict with rivals. After many adversaries, the once good-natured man is physically crippled and turns into a monster more atrocious than all the most corrupted cops and ruthless drug dealers. Ho eventually emerges as the most powerful drug lord under the control of Chief Detective Sergeant, Lee Rock (Andy Lau). However, with the establishment of Independent Commission Against Corruption (ICAC) by the law enforcement in 1974, Rock is forced into premature retirement. But Ho still insists he would not be stopped as he determines to become the sole dictator of the drug empire.","An illegal immigrant from Mainland China sneaks into corrupt British-colonized Hong Kong in 1963, transforming himself into a ruthless and emerging drug lord.",Action|Biography|Crime|History,tt6015328,128,Adj5dtSKF8U,6.9,https://hydramovies.com/wp-content/uploads/2018/04/Chasing-the-Dragon-Movie-Poster.jpg,Jason Kwan,Jing Wong,Andy Lau|Donnie Yen
79,I Kill Giants,2017,"Twelve-year-old Barbara Thorson flees from reality, leaving in the imaginary world of fantasy and magic, where she fights with giants. Her family does not understand her, peers do not like her, and she irritates teachers. And only recently moved here Sofia, her same age, trying to make friends with her.",Barbara Thorson struggles through life by escaping into a fantasy life of magic and monsters.,Drama|Fantasy|Thriller,tt4547194,106,ZBfLY-YL-5w,6.5,https://hydramovies.com/wp-content/uploads/2018/04/I-Kill-Giants-Movie-Poster.jpg,Anders Walter,Joe Kelly,Madison Wolfe|Zoe Saldana
80,Roxanne Roxanne,2017,"In the early 1980s, the most feared battle MC in Queens, New York, was a fierce teenage girl with the weight of the world on her shoulders. At the age of 14, Lolita ""Roxanne Shanté"" Gooden was well on her way to becoming a hip-hop legend as she hustled to provide for her family while defending herself from the dangers of the streets of the Queensbridge Projects in NYC.","In the late 80s/ early 1990s, the most feared battle MC in Queens, New York, was a fierce teenage girl with the weight of the world on her shoulders. At the age of 14, Lolita &quot;Roxanne ...",Drama,tt5796838,100,IKA8H_LolNM,6.1,https://hydramovies.com/wp-content/uploads/2018/04/Roxanne-Roxanne-Movie-Poster.jpg,Michael Larnell,Michael Larnell,Chanté Adams|Mahershala Ali|Nia Long
81,Film Stars Don't Die in Liverpool,2017,"Real life proves just as dramatic off-screen as it does on it for these two actors, the aging Hollywood superstar Gloria Grahame and her younger lover, Peter Turner. As their mismatched romance waxes and wanes over time, events conspire to keep them in each other's lives even when it proves difficult and demanding. Ultimately, they find that they must each come to terms with whatever fate they face in the future whether they are together or apart.",A romance sparks between a young actor and a Hollywood leading lady.,Biography|Drama|Romance,tt5711148,105,aCwt4kYWOHA,6.8,https://hydramovies.com/wp-content/uploads/2018/04/Film-Stars-Dont-Die-in-Liverpool-Movie-Poster.jpg,Paul McGuigan,Matt Greenhalgh,Annette Bening|Jamie Bell|Kenneth Cranham
82,Every Secret Thing,2014,"A detective looks to unravel a mystery surrounding missing children and the prime suspects: two young women who, seven years ago, were put away for an infant's death.","A detective looks to unravel a mystery surrounding missing children and the prime suspects: two young women who, seven years ago, were put away for an infant's death.",Crime|Drama|Mystery|Thriller,tt1706598,93,6QT0zKjvRfE,6.1,https://hydramovies.com/wp-content/uploads/2018/04/Every-Secret-Thing-Movie-Poster.jpg,Amy Berg,Nicole Holofcener,Dakota Fanning|Diane Lane|Elizabeth Banks
83,Believe in Me,2006,"Girls? The thought of coaching them seems preposterous to Clay Driscoll (earnest newcomer Jeffrey Donovan), who travels to Middleton, Okla., in the 1960s prepared to coach the varsity boys' team. But that position is filled, so he's forced to coach the girls' team -- the Lady Cyclones. Faced with an under-performing crew of untrained players, the coach begins to treat the girls like boys. They run laps in a closed gym and practice shots and plays they've never tried before -- and eventually their ""old-fashioned grit"" leads them to a Cinderella season culminating with the state championships. Along their way, Driscoll and the girls overcome several obstacles, most of all, gaining a fan base. Meanwhile, big man in town Ellis Brawley (Bruce Dern) can't stand Driscoll and his newfangled idea of empowering female athletes. Of course, the Lady Cyclones are up to the task of proving Brawley wrong. Driven by their caring young coach, the girls determine to play as hard as the boys, even ...","In a conservative small town, a young man's wish to coach high school basketball are tweaked by a school board decision that makes him the new coach of the girls' team.",Drama|Sport,tt0419491,0,IHatBd-2lLI,7.1,https://hydramovies.com/wp-content/uploads/2018/04/Believe-in-Me-Movie-Poster.jpg,Robert Collector,Robert Collector,Bruce Dern|Jeffrey Donovan|Samantha Mathis
84,Still the Water,2014,"On the subtropical Japanese island of Amami, traditions about nature remain eternal. During the full-moon night of traditional dances in August, 16-year-old Kaito discovers a dead body floating in the sea. His girlfriend Kyoko will attempt to help him understand this mysterious discovery. Together, Kaito and Kyoko will learn to become adults by experiencing the interwoven cycles of life, death and love.","On a subtropical island, a teenage couple deal with the interwoven cycle of life, death and love.",Drama|Romance,tt3230162,121,npg8_sHQmbc,6.8,https://hydramovies.com/wp-content/uploads/2018/04/Still-the-Water-Movie-Poster.jpg,Naomi Kawase,Naomi Kawase,Junko Abe|Miyuki Matsuda|Nijirô Murakami
85,Redemption Trail,2013,"Two powerful, yet deeply troubled women - refugees from political and personal trauma - flee a past that haunts them. The daughter of a murdered Black Panther revolutionary, Tess, lives off the grid on a Sonoma vineyard, fiercely detached from all connections. Her hermetic life cracks when she gives reluctant shelter to a desperate young woman, Anna who has attempted suicide in a nearby forest. An unlikely alliance forms between the two, where other close relationships have failed - David, Anna's husband and John, Tess' employer, cannot break through their walls. But the very difference between the two women opens them up to a new vision of themselves, as not only survivors, but as heroes capable even of a thrilling shoot-out in the name of outlaw justice. Reclaiming freedom, and life, they plunge forward, towards an unknown, transformative horizon.","Two powerful, yet deeply troubled women - refugees from political and personal trauma - flee a past that haunts them. The daughter of a murdered Black Panther revolutionary, Tess, lives off...",Drama,tt2009432,92,vM8_fHXeTVk,6.7,https://hydramovies.com/wp-content/uploads/2018/04/Redemption-Trail-Movie-Poster.jpg,Britta Sjogren,Britta Sjogren,Jake Weber|Lily Rabe|LisaGay Hamilton
86,Black Marigolds,2013,"Black Marigolds is a drama steeped in literature. Following writer Ryan Cole and his wife Kate as they move to an off season vacation home on a frigid lake in Northern California so that Ryan can finish his new novel. At first everything is perfect for two people who need only each other to be happy. But soon Kate begins to notice Ryan forgetting things, and as his frustration grows so does her concern for him. While he refuses to seek help, he becomes increasingly volatile and unpredictable. Finally it will be up to Kate to choose between the pleasant past or the terrible future.",Writer Ryan Cole and his Wife Kate go to an off season vacation house where he intends to finish his second novel. But their plans are changed by a devastating mental illness.,Drama|Romance,tt2141623,84,gLzRi0wbneI,6.1,https://hydramovies.com/wp-content/uploads/2018/04/Black-Marigolds-Movie-Poster.jpg,Lance Malbon,Lance Malbon,Noah Bean|Paul Ben-Victor|Rachel Boston
87,The Greatest Showman,2017,"Orphaned, penniless but ambitious and with a mind crammed with imagination and fresh ideas, the American Phineas Taylor Barnum will always be remembered as the man with the gift to effortlessly blur the line between reality and fiction. Thirsty for innovation and hungry for success, the son of a tailor will manage to open a wax museum but will soon shift focus to the unique and peculiar, introducing extraordinary, never-seen-before live acts on the circus stage. Some will call Barnum's wide collection of oddities, a freak show; however, when the obsessed showman gambles everything on the opera singer Jenny Lind to appeal to a high-brow audience, he will somehow lose sight of the most important aspect of his life: his family. Will Barnum risk it all to be accepted?","Celebrates the birth of show business, and tells of a visionary who rose from nothing to create a spectacle that became a worldwide sensation.",Biography|Drama|Musical|Romance,tt1485796,105,AXCTMGYUg9A,7.8,https://hydramovies.com/wp-content/uploads/2018/04/The-Greatest-Showman-Movie-Poster.jpg,Michael Gracey,Jenny Bicks,Hugh Jackman|Michelle Williams
88,Of Mind and Music,2014,"A story about a beautiful street musician suffering from memory loss and a disheartened neuroscientist intent on helping her, bringing together the city of New Orleans and the jazz that made it famous.","A story about a beautiful street musician suffering from memory loss and a disheartened neuroscientist intent on helping her, bringing together the city of New Orleans and the jazz that made it famous.",Drama|Music,tt3057572,98,LtEQowDXUmU,7.0,https://hydramovies.com/wp-content/uploads/2018/04/Of-Mind-and-Music-Movie-Poster.jpg,Richie Adams,Richie Adams,Aunjanue Ellis|Bill Cobbs|Joaquim de Almeida
89,Demon House,2018,"The story takes place with doing a docudrama about the home he purchased in Gary, Indiana. He convinces a couple of previous tenants to come back and discuss their accounts of the frightening ordeals that they endured during their stay at the home. A woman becomes possessed and begins speaking in tongues. Following the extreme amount of activity documented, production had to be halted, but the movie has been finished one year later and, boy, are you in for one edge of your seat demonic thrill ride.",Paranormal investigator Zak Bagans documents the most authenticated case of possession in American history.,Documentary|Horror,tt4130484,111,zGbZheZYpLM,6.1,https://hydramovies.com/wp-content/uploads/2018/04/Demon-House-Movie-Poster.jpg,Zak Bagans,Zak Bagans,Adam Ahlbrandt|Matthew Mourgides|Zak Bagans
90,Along for the Ride,2016,A documentary about Dennis Hopper.,A documentary about Dennis Hopper.,Documentary,tt3986978,90,oGXol1CI26k,7.0,https://hydramovies.com/wp-content/uploads/2018/04/Along-for-the-Ride-Movie-Poster.jpg,Nick Ebeling,Satya De La Manitou,Damon Albarn|Julie Adams
91,Centre of My World,2016,"After a summer spent with his his best friend Kat to escape his family, Phil goes back to school and starts to question his feelings towards Nicholas, a new classmate.","After a summer spent with his his best friend Kat to escape his family, Phil goes back to school and starts to question his feelings towards Nicholas, a new classmate.",Drama,tt4932154,115,u-PTAF5wgS0,7.3,https://hydramovies.com/wp-content/uploads/2018/04/Centre-of-My-World-Movie-Poster.jpg,Jakob M. Erwa,Jakob M. Erwa,Bendix Hansen|Louis Hofmann|Sarah Fuhrer
92,Wonderstruck,2017,"Tells the tale of two children separated by fifty years. In 1927, Rose searches for the actress who's life she chronicles in her scrapbook; in 1977, Ben runs away from home to find his father.","Tells the tale of two children separated by fifty years. In 1927, Rose searches for the actress who's life she chronicles in her scrapbook; in 1977, Ben runs away from home to find his father.",Drama|Family|Mystery,tt5208216,116,n207k52C3DM,6.3,https://hydramovies.com/wp-content/uploads/2018/04/Wonderstruck-Movie-Poster.jpg,Todd Haynes,Brian Selznick,Julianne Moore|Michelle Williams|Oakes Fegley
93,The Witness,2015,"Bill Genovese's decade-long journey to unravel the truth about the mythic death and little-known life of his sister, Kitty, who was reportedly stabbed in front of 38 witnesses and became the face of urban apathy. THE WITNESS begins in 2004 when The Times questions its original story: the number of witnesses, what they observed, the number of attacks. None was more affected by the story than Bill. He vowed not to be like the 38, volunteered for Vietnam, and lost both legs. What if Kitty's mythic story is an urban myth? Breaking his family's half-century of silence, Bill seeks to find the truth confronting the witnesses, the killer, their families and his own. THE WITNESS is about bearing witness, loss and forgiveness, and what we owe each other.",The brother of Kitty Genovese investigates the circumstances of her murder and the truth of the story that dozens of locals witnessed the crime and did nothing to intervene.,Biography|Crime|Documentary|Mystery,tt3568002,89,EAGOoF5CDXA,7.1,https://hydramovies.com/wp-content/uploads/2018/04/The-Witness-Movie-Poster.jpg,James D. Solomon,William Genovese,Shannon Beeby|William Genovese
94,Harold and Lillian: A Hollywood Love Story,2015,"Movie fans know the work of Harold and Lillian Michelson, even if they don't recognize the names. Working largely uncredited in the Hollywood system, storyboard artist Harold and film researcher Lillian left an indelible mark on classics by Alfred Hitchcock, Steven Spielberg, Mel Brooks, Stanley Kubrick, Roman Polanski and many more. Through an engaging mix of love letters, film clips and candid conversations with Harold and Lillian, Danny DeVito, Mel Brooks, Francis Ford Coppola and others, this deeply engaging documentary from Academy Award®-nominated director Daniel Raim offers both a moving portrait of a marriage and a celebration of the unknown talents that help shape the films we love.","Harold and Lillian eloped to Hollywood in 1947, where they became the film industry's secret weapons. Nobody talked about them, but everybody wanted them. Theirs is the greatest story never told-until now.",Biography|Documentary,tt4683668,94,sfc3aAQ_UTI,8.0,https://hydramovies.com/wp-content/uploads/2018/04/Harold-and-Lillian-A-Hollywood-Love-Story-Movie-Poster.jpg,Daniel Raim,Daniel Raim,Bill Krohn|Harold Michelson|Lillian Michelson
95,Ferrari 312B: Where the Revolution Begins,2017,"In a race against time and all odds, the revolutionary F1 racing car Ferrari 312B will get back on the Monaco circuit, 46 years later, under the wing of it's creator, the genius engineer Mauro Forghieri.","In a race against time and all odds, the revolutionary F1 racing car Ferrari 312B will get back on the Monaco circuit, 46 years later, under the wing of its creator, the genius engineer Mauro Forghieri.",Documentary|History|Sport,tt7017474,85,p-5wUn2X-rc,7.0,https://hydramovies.com/wp-content/uploads/2018/04/Ferrari-312B-Where-the-Revolution-Begins-Movie-Poster.jpg,Andrea Marini,Paolo Barilla,Bob Constanduros
96,The Monkey King 2,2016,"When a travelling monk is stranded in a wasteland, The Monkey King must escort him across the land to retrieve sacred scriptures and protect him from an evil demon.","When a travelling monk is stranded in a wasteland, The Monkey King must escort him across the land to retrieve sacred scriptures and protect him from an evil demon.",Action|Adventure|Fantasy,tt4591310,119,ygTmV3K57_8,6.0,https://hydramovies.com/wp-content/uploads/2018/04/The-Monkey-King-2-Movie-Poster.jpg,Soi Cheang,Ping Ran,Aaron Kwok|Li Gong
97,Fairy Tail: The Movie - Dragon Cry,2017,"""Dragon Cry"" - it's a magic artifact, that power can destroy the world. For a long time she was kept in the Kingdom of Fiore, but in the end was stolen by the Kingdom of Stella. The main characters (Natsu, Lucy, Gray, Erza, Wendy, Happy and Carla) penetrate into the Kingdom on a mission undercover. In the end they will have to deal with the King Animus and his entourage (Zach and Sonya). The purpose of the Animus to enslave the world? And Sonya was secretly trying to save the country? Expect exciting adventures on the sea of intrigue and save the world.","In the new film, based on the Hiro Mashima's manga, Natsu Dragneel and his friends travel to the island Kingdom of Stella, where they will reveal dark secrets, fight the new enemies and once again save the world from destruction.",Action|Adventure|Animation|Comedy|Fantasy,tt6548966,85,0bIkW607yJA,7.5,https://hydramovies.com/wp-content/uploads/2018/04/Fairy-Tail-The-Movie-Dragon-Cry-Movie-Poster.jpg,Tatsuma Minamikawa,Hiro Mashima,Makoto Furukawa|Wataru Hatano
98,24 City,2008,"Change and a city in China. In Chengdu, factory 420 is being pulled down to make way for multi-story buildings with luxury flats. Scenes of factory operations, of the workforce, and of buildings stripped bare and then razed, are inter-cut with workers who were born in the 1930s, 1940s, and 1950s telling their stories - about the factory, which manufactured military aircraft, and about their work and their lives. A middle-aged man visits his mentor, now elderly; a woman talks of being a 19-year-old beauty there and ending up alone. The film concludes with two young people talking, each the child of workers, each relaying a story of one visit to a factory. Times change.","Change and a city in China. In Chengdu, factory 420 is being pulled down to make way for multi-story buildings with luxury flats. Scenes of factory operations, of the workforce, and of ...",Drama,tt1103963,112,34-aVx6Qa_8,7.1,https://hydramovies.com/wp-content/uploads/2018/04/24-City-Movie-Poster.jpg,Zhangke Jia,Zhangke Jia,Jianbin Chen|Joan Chen|Liping Lü
99,To Rome with Love,2012,"In Rome, the America tourist Hayley meets the local lawyer Michelangelo on the street and soon they fall in love with each other. Hayley's parents, the psychiatrist Phyllis and the retired music producer Jerry, travel to Rome to meet Michelangelo and his parents. When Jerry listens to Michelangelo's father Giancarlo singing opera in the shower, he is convinced that he is a talented opera singer. But there is a problem: Giancarlo can only sing in the shower. The couple Antonio and Milly travel to Rome to meet Antonio's relatives that belong to the high society. Milly goes to the hairdresser while Antonio waits for her in the room. Milly gets lost in Rome and the prostitute Anna mistakenly goes to Antonio's room. Out of the blue, his relatives arrive in the room and they believe Anna is Antonio's wife. Meanwhile the shy Milly meets her favorite actor Luca Salta (Antonio Albanese) and goes to his hotel room ""to discuss about movies"". One day, the middle-class clerk Leopoldo becomes a ...","The lives of some visitors and residents of Rome and the romances, adventures and predicaments they get into.",Comedy|Romance,tt1859650,112,ft__aQSrHqE,6.3,https://hydramovies.com/wp-content/uploads/2018/04/To-Rome-with-Love-Movie-Poster.jpg,Woody Allen,Woody Allen,Jesse Eisenberg|Penélope Cruz|Woody Allen
